Campaign,Ad Group,Keyword,Match Type,Status,Final URL
Kehastuudio - LPG & Kehakujundus,Krüolipolüüs,krüolipolüüs,Broad,Enabled,https://kehastuudio.ee
Kehastuudio - LPG & Kehakujundus,Krüolipolüüs,krüolipolüüs tallinn,Broad,Enabled,https://kehastuudio.ee
Kehastuudio - LPG & Kehakujundus,Krüolipolüüs,krüolipolüüs hind,Broad,Enabled,https://kehastuudio.ee
Kehastuudio - LPG & Kehakujundus,Krüolipolüüs,rasva külmutamine,Broad,Enabled,https://kehastuudio.ee
Kehastuudio - LPG & Kehakujundus,Krüolipolüüs,rasva külmutamine tallinn,Broad,Enabled,https://kehastuudio.ee
Kehastuudio - LPG & Kehakujundus,Krüolipolüüs,rasvarakkude külmutamine,Broad,Enabled,https://kehastuudio.ee
Kehastuudio - LPG & Kehakujundus,Krüolipolüüs,kõhurasva külmutamine,Broad,Enabled,https://kehastuudio.ee
Kehastuudio - LPG & Kehakujundus,Krüolipolüüs,küljerasva eemaldamine,Broad,Enabled,https://kehastuudio.ee
Kehastuudio - LPG & Kehakujundus,Krüolipolüüs,rasvapõletus külmutamisega,Broad,Enabled,https://kehastuudio.ee
Kehastuudio - LPG & Kehakujundus,Krüolipolüüs,cryolipolysis tallinn,Broad,Enabled,https://kehastuudio.ee
Kehastuudio - LPG & Kehakujundus,LPG Massaaž,lpg massaaž,Broad,Enabled,https://kehastuudio.ee
Kehastuudio - LPG & Kehakujundus,LPG Massaaž,lpg massaaž tallinn,Broad,Enabled,https://kehastuudio.ee
Kehastuudio - LPG & Kehakujundus,LPG Massaaž,lpg massaaž hind,Broad,Enabled,https://kehastuudio.ee
Kehastuudio - LPG & Kehakujundus,LPG Massaaž,lpg endermoloogia,Broad,Enabled,https://kehastuudio.ee
Kehastuudio - LPG & Kehakujundus,LPG Massaaž,endermoloogia tallinn,Broad,Enabled,https://kehastuudio.ee
Kehastuudio - LPG & Kehakujundus,LPG Massaaž,lpg ravi,Broad,Enabled,https://kehastuudio.ee
Kehastuudio - LPG & Kehakujundus,LPG Massaaž,lpg kehahooldus,Broad,Enabled,https://kehastuudio.ee
Kehastuudio - LPG & Kehakujundus,LPG Massaaž,lpg tselluliidiravi,Broad,Enabled,https://kehastuudio.ee
Kehastuudio - LPG & Kehakujundus,LPG Massaaž,cellu m6,Broad,Enabled,https://kehastuudio.ee
Kehastuudio - LPG & Kehakujundus,ReShape Therapy,reshape therapy,Broad,Enabled,https://kehastuudio.ee
Kehastuudio - LPG & Kehakujundus,ReShape Therapy,reshape therapy tallinn,Broad,Enabled,https://kehastuudio.ee
Kehastuudio - LPG & Kehakujundus,ReShape Therapy,kehakujundus,Broad,Enabled,https://kehastuudio.ee
Kehastuudio - LPG & Kehakujundus,ReShape Therapy,kehakujundus tallinn,Broad,Enabled,https://kehastuudio.ee
Kehastuudio - LPG & Kehakujundus,ReShape Therapy,kehavormimine,Broad,Enabled,https://kehastuudio.ee
Kehastuudio - LPG & Kehakujundus,ReShape Therapy,keha modelleerimine,Broad,Enabled,https://kehastuudio.ee
Kehastuudio - LPG & Kehakujundus,Cold Lipo Laser,cold lipo laser,Broad,Enabled,https://kehastuudio.ee
Kehastuudio - LPG & Kehakujundus,Cold Lipo Laser,lipolaser,Broad,Enabled,https://kehastuudio.ee
Kehastuudio - LPG & Kehakujundus,Cold Lipo Laser,lipolaser tallinn,Broad,Enabled,https://kehastuudio.ee
Kehastuudio - LPG & Kehakujundus,Cold Lipo Laser,laser rasvapõletus,Broad,Enabled,https://kehastuudio.ee
Kehastuudio - LPG & Kehakujundus,Kehakujundus Üldine,kehakujundus hind,Broad,Enabled,https://kehastuudio.ee
Kehastuudio - LPG & Kehakujundus,Kehakujundus Üldine,rasvapõletus tallinn,Broad,Enabled,https://kehastuudio.ee
Kehastuudio - LPG & Kehakujundus,Kehakujundus Üldine,rasva vähendamine,Broad,Enabled,https://kehastuudio.ee
Kehastuudio - LPG & Kehakujundus,Kehakujundus Üldine,mitteinvasiivne kehakujundus,Broad,Enabled,https://kehastuudio.ee
Kehastuudio - LPG & Kehakujundus,Kehakujundus Üldine,operatsioonita kehakujundus,Broad,Enabled,https://kehastuudio.ee
Kehastuudio - LPG & Kehakujundus,Kehakujundus Üldine,liposuktsiooni alternatiiv,Broad,Enabled,https://kehastuudio.ee
Kehastuudio - Tselluliit & Nahk,Tselluliidiravi,tselluliidiravi,Broad,Enabled,https://kehastuudio.ee
Kehastuudio - Tselluliit & Nahk,Tselluliidiravi,tselluliidiravi tallinn,Broad,Enabled,https://kehastuudio.ee
Kehastuudio - Tselluliit & Nahk,Tselluliidiravi,tselluliidiravi hind,Broad,Enabled,https://kehastuudio.ee
Kehastuudio - Tselluliit & Nahk,Tselluliidiravi,tselluliit ravi,Broad,Enabled,https://kehastuudio.ee
Kehastuudio - Tselluliit & Nahk,Tselluliidiravi,tselluliidist vabanemine,Broad,Enabled,https://kehastuudio.ee
Kehastuudio - Tselluliit & Nahk,Tselluliidiravi,apelsininahk ravi,Broad,Enabled,https://kehastuudio.ee
Kehastuudio - Tselluliit & Nahk,Tselluliidiravi,tselluliidimassaaž,Broad,Enabled,https://kehastuudio.ee
Kehastuudio - Tselluliit & Nahk,Tselluliidiravi,jalgade tselluliit,Broad,Enabled,https://kehastuudio.ee
Kehastuudio - Tselluliit & Nahk,Tselluliidiravi,reite tselluliit,Broad,Enabled,https://kehastuudio.ee
Kehastuudio - Tselluliit & Nahk,Tselluliidiravi,tuharate tselluliit,Broad,Enabled,https://kehastuudio.ee
Kehastuudio - Tselluliit & Nahk,RF Teraapia,rf teraapia,Broad,Enabled,https://kehastuudio.ee
Kehastuudio - Tselluliit & Nahk,RF Teraapia,rf teraapia tallinn,Broad,Enabled,https://kehastuudio.ee
Kehastuudio - Tselluliit & Nahk,RF Teraapia,rf teraapia näole,Broad,Enabled,https://kehastuudio.ee
Kehastuudio - Tselluliit & Nahk,RF Teraapia,rf teraapia kehale,Broad,Enabled,https://kehastuudio.ee
Kehastuudio - Tselluliit & Nahk,RF Teraapia,naha pinguldamine,Broad,Enabled,https://kehastuudio.ee
Kehastuudio - Tselluliit & Nahk,RF Teraapia,naha pinguldamine tallinn,Broad,Enabled,https://kehastuudio.ee
Kehastuudio - Tselluliit & Nahk,RF Teraapia,kollageeni stimulatsioon,Broad,Enabled,https://kehastuudio.ee
Kehastuudio - Tselluliit & Nahk,RF Teraapia,nahanoorenemise protseduur,Broad,Enabled,https://kehastuudio.ee
Kehastuudio - Tselluliit & Nahk,Kavitatsioon,kavitatsioon,Broad,Enabled,https://kehastuudio.ee
Kehastuudio - Tselluliit & Nahk,Kavitatsioon,kavitatsioon tallinn,Broad,Enabled,https://kehastuudio.ee
Kehastuudio - Tselluliit & Nahk,Kavitatsioon,ultraheli kavitatsioon,Broad,Enabled,https://kehastuudio.ee
Kehastuudio - Tselluliit & Nahk,Kavitatsioon,ultraheli rasvapõletus,Broad,Enabled,https://kehastuudio.ee
Kehastuudio - Tselluliit & Nahk,EMS Magnet,ems magnet,Broad,Enabled,https://kehastuudio.ee
Kehastuudio - Tselluliit & Nahk,EMS Magnet,ems trenn,Broad,Enabled,https://kehastuudio.ee
Kehastuudio - Tselluliit & Nahk,EMS Magnet,ems lihaste treening,Broad,Enabled,https://kehastuudio.ee
Kehastuudio - Tselluliit & Nahk,EMS Magnet,ems kõhulihased,Broad,Enabled,https://kehastuudio.ee
Kehastuudio - Tselluliit & Nahk,EMS Magnet,emsculpt,Broad,Enabled,https://kehastuudio.ee
Kehastuudio - Tselluliit & Nahk,Pressoterarapia,pressoterarapia,Broad,Enabled,https://kehastuudio.ee
Kehastuudio - Tselluliit & Nahk,Pressoterarapia,pressoterarapia tallinn,Broad,Enabled,https://kehastuudio.ee
Kehastuudio - Tselluliit & Nahk,Pressoterarapia,pressomassaaž,Broad,Enabled,https://kehastuudio.ee
Kehastuudio - Tselluliit & Nahk,Pressoterarapia,lümfimassaaž,Broad,Enabled,https://kehastuudio.ee
Kehastuudio - Tselluliit & Nahk,Pressoterarapia,lümfidrenaaž,Broad,Enabled,https://kehastuudio.ee
Kehastuudio - Tselluliit & Nahk,Üldine,iluprotseduurid tallinn,Broad,Enabled,https://kehastuudio.ee
Kehastuudio - Tselluliit & Nahk,Üldine,kehahooldus tallinn,Broad,Enabled,https://kehastuudio.ee
Kehastuudio - Tselluliit & Nahk,Üldine,ilusalong tallinn,Broad,Enabled,https://kehastuudio.ee
Kehastuudio - Tselluliit & Nahk,Üldine,kehastuudio,Broad,Enabled,https://kehastuudio.ee
Kehastuudio - Tselluliit & Nahk,Üldine,aparaatne kosmetoloogia,Broad,Enabled,https://kehastuudio.ee
Kehastuudio - Tselluliit & Nahk,Üldine,iluteenused tallinn,Broad,Enabled,https://kehastuudio.ee
